Date,Salesperson,Region,Product,Units_Sold,Unit_Price
2025-04-28 00:19:02.509541,David,South,Gadget,41,175.35
2025-04-28 00:19:02.509541,David,East,Widget,46,170.83
2025-04-28 00:19:02.509541,Bob,West,Widget,6,237.35
2025-04-28 00:19:02.509541,David,North,Widget,14,413.99
2025-04-28 00:19:02.509541,Alice,South,Thingama,13,116.77
2025-04-28 00:19:02.509541,Alice,East,Widget,47,186.01
2025-04-29 00:19:02.509541,Charlie,East,Doohickey,40,256.53
2025-04-29 00:19:02.509541,Bob,East,Widget,6,242.22
2025-04-29 00:19:02.509541,Bob,South,Doohickey,31,56.51
2025-04-30 00:19:02.509541,Alice,East,Widget,9,494.33
2025-05-01 00:19:02.509541,Bob,South,Gadget,47,446.29
2025-05-01 00:19:02.509541,Charlie,West,Gadget,28,426.23
2025-05-01 00:19:02.509541,Bob,South,Widget,8,248.2
2025-05-01 00:19:02.509541,David,West,Gadget,26,97.88
2025-05-02 00:19:02.509541,David,West,Widget,41,163.8
2025-05-02 00:19:02.509541,David,South,Gadget,39,242.38
2025-05-02 00:19:02.509541,Eva,East,Thingama,10,119.92
2025-05-02 00:19:02.509541,Bob,South,Thingama,47,418.49
2025-05-02 00:19:02.509541,Alice,North,Gadget,43,80.6
2025-05-03 00:19:02.509541,Charlie,East,Widget,28,352.82
2025-05-03 00:19:02.509541,Bob,South,Gadget,3,256.19
2025-05-03 00:19:02.509541,David,South,Widget,45,344.44
2025-05-03 00:19:02.509541,Alice,South,Thingama,40,155.01
2025-05-04 00:19:02.509541,Eva,East,Widget,10,86.54
2025-05-04 00:19:02.509541,Bob,North,Doohickey,4,13.37
2025-05-05 00:19:02.509541,David,North,Widget,31,238.68
2025-05-05 00:19:02.509541,Bob,South,Thingama,23,298.29
2025-05-05 00:19:02.509541,Bob,East,Widget,47,137.32
2025-05-06 00:19:02.509541,David,West,Doohickey,11,498.84
2025-05-06 00:19:02.509541,Charlie,East,Thingama,40,453.14
2025-05-06 00:19:02.509541,Bob,East,Widget,3,124.76
2025-05-07 00:19:02.509541,Eva,South,Thingama,40,469.86
2025-05-07 00:19:02.509541,Bob,West,Gadget,26,438.3
2025-05-09 00:19:02.509541,Eva,North,Thingama,26,113.45
2025-05-09 00:19:02.509541,Charlie,East,Doohickey,36,260.18
2025-05-09 00:19:02.509541,Eva,West,Gadget,22,181.9
2025-05-10 00:19:02.509541,Bob,South,Gadget,28,109.7
2025-05-10 00:19:02.509541,Alice,North,Widget,34,411.01
2025-05-10 00:19:02.509541,Alice,North,Thingama,13,198.94
2025-05-10 00:19:02.509541,Eva,West,Thingama,30,124.87
2025-05-11 00:19:02.509541,Charlie,East,Doohickey,14,133.9
2025-05-11 00:19:02.509541,Eva,South,Thingama,6,142.62
2025-05-11 00:19:02.509541,Alice,East,Doohickey,47,413.93
2025-05-11 00:19:02.509541,Bob,East,Thingama,12,415.99
2025-05-12 00:19:02.509541,Eva,North,Widget,31,264.42
2025-05-12 00:19:02.509541,Bob,South,Widget,29,313.5
2025-05-12 00:19:02.509541,Charlie,South,Widget,13,364.49
2025-05-13 00:19:02.509541,Alice,West,Doohickey,13,461.16
2025-05-14 00:19:02.509541,Eva,North,Doohickey,28,420.31
2025-05-15 00:19:02.509541,Bob,South,Thingama,16,307.36
2025-05-16 00:19:02.509541,Eva,North,Gadget,20,443.58
2025-05-16 00:19:02.509541,Charlie,East,Widget,24,466.46
2025-05-17 00:19:02.509541,Alice,South,Doohickey,18,473.5
2025-05-17 00:19:02.509541,David,North,Widget,37,349.09
2025-05-17 00:19:02.509541,Alice,East,Thingama,4,141.6
2025-05-18 00:19:02.509541,Bob,West,Widget,23,141.74
2025-05-18 00:19:02.509541,Charlie,East,Doohickey,43,161.81
2025-05-19 00:19:02.509541,Bob,South,Gadget,2,404.16
2025-05-19 00:19:02.509541,Bob,West,Doohickey,17,256.29
2025-05-19 00:19:02.509541,David,East,Gadget,5,56.73
2025-05-20 00:19:02.509541,Eva,West,Doohickey,4,459.05
2025-05-20 00:19:02.509541,Charlie,East,Thingama,38,118.05
2025-05-22 00:19:02.509541,Charlie,South,Gadget,25,446.06
2025-05-22 00:19:02.509541,David,North,Thingama,5,137.91
2025-05-22 00:19:02.509541,Charlie,East,Gadget,22,391.96
2025-05-23 00:19:02.509541,Charlie,North,Gadget,39,351.61
2025-05-23 00:19:02.509541,Alice,South,Thingama,40,209.23
2025-05-23 00:19:02.509541,David,South,Thingama,34,427.75
2025-05-24 00:19:02.509541,Eva,North,Doohickey,47,92.0
2025-05-25 00:19:02.509541,Charlie,East,Doohickey,14,283.94
2025-05-25 00:19:02.509541,Alice,West,Widget,2,204.53
2025-05-25 00:19:02.509541,David,East,Thingama,10,158.61
2025-05-25 00:19:02.509541,Eva,West,Widget,19,171.84
2025-05-25 00:19:02.509541,Bob,South,Widget,17,211.86
2025-05-26 00:19:02.509541,Alice,North,Doohickey,32,403.73
2025-05-26 00:19:02.509541,David,North,Gadget,48,348.62
2025-05-27 00:19:02.509541,Charlie,North,Widget,11,450.0
2025-05-28 00:19:02.509541,Alice,South,Widget,43,23.65
2025-05-30 00:19:02.509541,Eva,West,Doohickey,2,306.76
2025-05-30 00:19:02.509541,Alice,North,Gadget,38,490.75
2025-05-30 00:19:02.509541,Charlie,North,Doohickey,39,248.76
2025-05-31 00:19:02.509541,David,South,Thingama,41,123.42
2025-05-31 00:19:02.509541,David,South,Widget,49,251.34
2025-05-31 00:19:02.509541,Alice,East,Thingama,9,489.78
2025-05-31 00:19:02.509541,Alice,East,Thingama,6,195.73
2025-06-01 00:19:02.509541,David,West,Gadget,25,285.47
2025-06-01 00:19:02.509541,Charlie,North,Gadget,38,355.52
2025-06-01 00:19:02.509541,David,South,Gadget,8,258.82
2025-06-01 00:19:02.509541,Alice,North,Gadget,35,471.15
2025-06-01 00:19:02.509541,Alice,West,Widget,43,34.62
2025-06-02 00:19:02.509541,Eva,East,Gadget,20,278.59
2025-06-02 00:19:02.509541,Bob,East,Gadget,44,122.39
2025-06-02 00:19:02.509541,Eva,West,Thingama,14,451.87
2025-06-02 00:19:02.509541,David,North,Thingama,1,341.92
2025-06-03 00:19:02.509541,David,West,Gadget,9,405.27
2025-06-03 00:19:02.509541,David,South,Gadget,3,415.16
2025-06-03 00:19:02.509541,Eva,North,Gadget,42,480.85
2025-06-04 00:19:02.509541,Alice,South,Doohickey,36,36.14
2025-06-04 00:19:02.509541,David,East,Doohickey,38,17.96
2025-06-05 00:19:02.509541,David,East,Doohickey,19,247.17
2025-06-05 00:19:02.509541,Eva,West,Gadget,45,192.53
2025-06-05 00:19:02.509541,David,East,Widget,42,412.28
2025-06-05 00:19:02.509541,Bob,West,Widget,11,52.64
2025-06-05 00:19:02.509541,Bob,South,Doohickey,47,283.1
2025-06-05 00:19:02.509541,David,West,Doohickey,29,42.84
2025-06-05 00:19:02.509541,Bob,South,Widget,25,426.78
2025-06-06 00:19:02.509541,Alice,East,Widget,41,319.37
2025-06-07 00:19:02.509541,David,North,Widget,4,467.54
2025-06-07 00:19:02.509541,Charlie,North,Widget,40,255.06
2025-06-07 00:19:02.509541,David,South,Thingama,4,61.62
2025-06-08 00:19:02.509541,Charlie,North,Doohickey,4,55.26
2025-06-08 00:19:02.509541,Bob,North,Thingama,36,301.18
2025-06-08 00:19:02.509541,Eva,East,Gadget,19,419.7
2025-06-09 00:19:02.509541,David,West,Gadget,47,291.24
2025-06-09 00:19:02.509541,Bob,North,Widget,9,24.93
2025-06-10 00:19:02.509541,David,North,Doohickey,18,117.85
2025-06-10 00:19:02.509541,Bob,South,Widget,37,110.18
2025-06-10 00:19:02.509541,David,East,Widget,25,225.21
2025-06-10 00:19:02.509541,Eva,East,Gadget,20,332.77
2025-06-11 00:19:02.509541,Charlie,East,Widget,8,193.98
2025-06-12 00:19:02.509541,Alice,South,Widget,40,308.75
2025-06-12 00:19:02.509541,David,South,Doohickey,1,485.86
2025-06-12 00:19:02.509541,Alice,West,Thingama,41,35.13
2025-06-13 00:19:02.509541,Charlie,North,Gadget,47,160.17
2025-06-13 00:19:02.509541,Alice,North,Doohickey,34,404.66
2025-06-13 00:19:02.509541,Alice,East,Gadget,16,485.26
2025-06-13 00:19:02.509541,Charlie,North,Widget,25,234.39
2025-06-13 00:19:02.509541,Charlie,West,Thingama,36,143.26
2025-06-14 00:19:02.509541,David,West,Thingama,22,37.77
2025-06-14 00:19:02.509541,Alice,South,Thingama,6,95.99
2025-06-14 00:19:02.509541,Bob,West,Gadget,2,67.43
2025-06-15 00:19:02.509541,Eva,South,Widget,20,337.2
2025-06-15 00:19:02.509541,Bob,North,Doohickey,32,61.64
2025-06-16 00:19:02.509541,Eva,North,Gadget,26,202.44
2025-06-17 00:19:02.509541,Charlie,West,Thingama,47,44.54
2025-06-17 00:19:02.509541,Alice,North,Gadget,34,81.75
2025-06-17 00:19:02.509541,Eva,West,Gadget,26,417.86
2025-06-17 00:19:02.509541,Eva,West,Gadget,35,341.99
2025-06-17 00:19:02.509541,Bob,South,Gadget,22,156.7
2025-06-17 00:19:02.509541,Charlie,East,Gadget,12,59.12
2025-06-18 00:19:02.509541,Charlie,North,Thingama,23,495.15
2025-06-18 00:19:02.509541,Eva,North,Gadget,34,377.49
2025-06-18 00:19:02.509541,Charlie,South,Thingama,23,231.13
2025-06-19 00:19:02.509541,Bob,South,Doohickey,27,258.46
2025-06-19 00:19:02.509541,David,East,Thingama,18,321.35
2025-06-19 00:19:02.509541,Bob,North,Thingama,31,77.2
2025-06-19 00:19:02.509541,Eva,East,Gadget,35,476.88
2025-06-19 00:19:02.509541,Bob,West,Gadget,23,19.37
2025-06-19 00:19:02.509541,Charlie,North,Gadget,1,178.26
2025-06-19 00:19:02.509541,David,East,Thingama,22,463.97
2025-06-20 00:19:02.509541,Bob,South,Doohickey,36,413.54
2025-06-20 00:19:02.509541,Charlie,East,Thingama,7,104.99
2025-06-20 00:19:02.509541,Alice,West,Doohickey,37,109.1
2025-06-20 00:19:02.509541,Bob,East,Thingama,48,489.39
2025-06-20 00:19:02.509541,Bob,South,Thingama,40,158.19
2025-06-20 00:19:02.509541,Alice,North,Widget,34,287.43
2025-06-20 00:19:02.509541,Alice,West,Thingama,13,332.93
2025-06-21 00:19:02.509541,Eva,East,Widget,31,335.47
2025-06-22 00:19:02.509541,Charlie,West,Doohickey,20,414.77
2025-06-22 00:19:02.509541,Charlie,North,Gadget,2,141.41
2025-06-23 00:19:02.509541,Charlie,South,Widget,34,101.01
2025-06-24 00:19:02.509541,Alice,South,Thingama,7,113.5
2025-06-24 00:19:02.509541,Charlie,East,Gadget,14,431.3
2025-06-24 00:19:02.509541,Charlie,South,Thingama,45,415.01
2025-06-24 00:19:02.509541,Eva,North,Thingama,21,25.9
2025-06-24 00:19:02.509541,Bob,South,Widget,25,406.42
2025-06-24 00:19:02.509541,Bob,South,Thingama,32,192.02
2025-06-25 00:19:02.509541,David,North,Gadget,8,384.58
2025-06-26 00:19:02.509541,Alice,East,Thingama,36,42.96
2025-06-26 00:19:02.509541,Charlie,South,Gadget,28,294.54
2025-06-27 00:19:02.509541,David,West,Doohickey,41,34.78
2025-06-27 00:19:02.509541,David,West,Widget,26,26.99
2025-06-28 00:19:02.509541,Alice,South,Thingama,26,175.23
2025-06-28 00:19:02.509541,Eva,North,Doohickey,5,54.04
2025-06-28 00:19:02.509541,Bob,North,Thingama,14,309.62
2025-06-28 00:19:02.509541,Bob,West,Doohickey,18,403.87
2025-06-29 00:19:02.509541,David,South,Doohickey,32,282.87
2025-06-29 00:19:02.509541,Bob,West,Doohickey,25,423.23
2025-06-29 00:19:02.509541,Bob,East,Widget,26,135.67
2025-06-29 00:19:02.509541,Alice,West,Thingama,20,203.68
2025-07-01 00:19:02.509541,David,South,Doohickey,11,130.22
2025-07-01 00:19:02.509541,Charlie,South,Gadget,29,204.95
2025-07-01 00:19:02.509541,Eva,North,Gadget,17,192.99
2025-07-02 00:19:02.509541,Alice,South,Thingama,44,495.26
2025-07-02 00:19:02.509541,Bob,North,Doohickey,13,327.68
2025-07-03 00:19:02.509541,Bob,North,Widget,28,154.09
2025-07-04 00:19:02.509541,Alice,West,Widget,10,302.46
2025-07-04 00:19:02.509541,David,East,Widget,45,496.06
2025-07-05 00:19:02.509541,Eva,West,Widget,41,48.68
2025-07-05 00:19:02.509541,Eva,West,Widget,48,76.38
2025-07-05 00:19:02.509541,Eva,South,Widget,41,464.29
2025-07-05 00:19:02.509541,Eva,West,Doohickey,44,280.8
2025-07-06 00:19:02.509541,Alice,West,Doohickey,3,302.08
2025-07-06 00:19:02.509541,Alice,East,Gadget,21,74.18
2025-07-08 00:19:02.509541,Bob,South,Gadget,40,423.66
2025-07-08 00:19:02.509541,Alice,North,Doohickey,33,296.38
2025-07-09 00:19:02.509541,Bob,South,Gadget,7,269.67
2025-07-10 00:19:02.509541,Alice,West,Doohickey,5,410.53
2025-07-11 00:19:02.509541,Bob,North,Widget,23,34.7
2025-07-11 00:19:02.509541,Alice,North,Doohickey,29,308.08
2025-07-11 00:19:02.509541,Alice,South,Gadget,7,17.05
2025-07-11 00:19:02.509541,Eva,East,Doohickey,23,22.63
2025-07-12 00:19:02.509541,Eva,East,Gadget,11,289.73
2025-07-12 00:19:02.509541,Alice,North,Gadget,1,482.05
2025-07-12 00:19:02.509541,Eva,West,Widget,26,293.17
2025-07-14 00:19:02.509541,Bob,South,Gadget,14,219.94
2025-07-14 00:19:02.509541,David,West,Widget,30,86.6
2025-07-14 00:19:02.509541,Eva,West,Doohickey,27,226.63
2025-07-16 00:19:02.509541,Charlie,East,Doohickey,38,411.18
2025-07-17 00:19:02.509541,Bob,East,Thingama,8,60.26
2025-07-17 00:19:02.509541,Bob,North,Gadget,45,220.18
2025-07-17 00:19:02.509541,Charlie,West,Doohickey,17,18.13
2025-07-17 00:19:02.509541,Bob,East,Gadget,13,293.62
2025-07-18 00:19:02.509541,Alice,North,Thingama,17,43.54
2025-07-19 00:19:02.509541,Bob,South,Thingama,43,378.67
2025-07-19 00:19:02.509541,Charlie,East,Doohickey,10,341.48
2025-07-20 00:19:02.509541,Charlie,West,Thingama,17,342.46
2025-07-21 00:19:02.509541,Bob,North,Thingama,40,341.94
2025-07-22 00:19:02.509541,Bob,East,Widget,30,484.35
2025-07-22 00:19:02.509541,Bob,North,Widget,31,117.17
2025-07-22 00:19:02.509541,Charlie,East,Thingama,22,347.65
2025-07-24 00:19:02.509541,Eva,South,Doohickey,14,232.63
2025-07-25 00:19:02.509541,Alice,West,Gadget,21,184.87
2025-07-25 00:19:02.509541,David,South,Widget,29,288.19
2025-07-26 00:19:02.509541,Alice,South,Gadget,46,334.3
2025-07-26 00:19:02.509541,Alice,West,Gadget,34,196.69
2025-07-26 00:19:02.509541,Bob,North,Widget,42,224.71
2025-07-26 00:19:02.509541,Charlie,South,Thingama,8,22.24
2025-07-27 00:19:02.509541,David,West,Widget,34,178.54
2025-07-28 00:19:02.509541,Alice,East,Doohickey,17,120.78
2025-07-28 00:19:02.509541,David,East,Gadget,15,445.86
2025-07-28 00:19:02.509541,Alice,West,Thingama,30,183.67
2025-07-28 00:19:02.509541,Eva,West,Thingama,32,382.05
2025-07-29 00:19:02.509541,Alice,North,Doohickey,2,88.73
2025-07-29 00:19:02.509541,Bob,North,Doohickey,18,193.61
2025-07-30 00:19:02.509541,Alice,East,Thingama,46,44.0
2025-07-30 00:19:02.509541,Alice,East,Widget,4,289.92
2025-07-31 00:19:02.509541,Alice,East,Widget,49,133.07
2025-07-31 00:19:02.509541,Charlie,North,Widget,37,311.41
2025-07-31 00:19:02.509541,Charlie,East,Gadget,37,290.58
2025-07-31 00:19:02.509541,Eva,South,Gadget,15,29.73
2025-07-31 00:19:02.509541,Bob,West,Widget,9,465.14
2025-08-01 00:19:02.509541,Eva,North,Widget,16,234.58
2025-08-01 00:19:02.509541,Charlie,North,Doohickey,1,314.03
2025-08-01 00:19:02.509541,Eva,West,Gadget,32,99.89
2025-08-01 00:19:02.509541,Eva,South,Widget,30,71.74
2025-08-01 00:19:02.509541,Charlie,West,Widget,32,287.23
2025-08-02 00:19:02.509541,Charlie,West,Doohickey,30,301.7
2025-08-02 00:19:02.509541,David,South,Gadget,24,327.83
2025-08-03 00:19:02.509541,Eva,West,Thingama,3,315.15
2025-08-03 00:19:02.509541,Charlie,East,Gadget,17,142.06
2025-08-03 00:19:02.509541,Bob,South,Widget,47,92.42
2025-08-04 00:19:02.509541,Charlie,North,Gadget,31,111.06
2025-08-04 00:19:02.509541,Bob,South,Widget,7,451.47
2025-08-04 00:19:02.509541,Charlie,South,Thingama,6,145.74
2025-08-04 00:19:02.509541,Bob,West,Thingama,33,29.77
2025-08-04 00:19:02.509541,Bob,West,Doohickey,41,226.97
2025-08-04 00:19:02.509541,Bob,East,Thingama,34,126.1
2025-08-04 00:19:02.509541,Bob,West,Widget,44,286.06
2025-08-04 00:19:02.509541,Charlie,North,Thingama,12,420.7
2025-08-04 00:19:02.509541,David,South,Thingama,1,282.95
2025-08-05 00:19:02.509541,Eva,West,Gadget,37,282.82
2025-08-05 00:19:02.509541,David,West,Thingama,44,10.32
2025-08-05 00:19:02.509541,Bob,East,Widget,27,318.82
2025-08-05 00:19:02.509541,Charlie,North,Widget,18,145.96
2025-08-06 00:19:02.509541,Bob,North,Thingama,20,302.49
2025-08-06 00:19:02.509541,David,West,Doohickey,9,305.54
2025-08-06 00:19:02.509541,Charlie,South,Widget,18,330.53
2025-08-06 00:19:02.509541,David,North,Thingama,4,286.07
2025-08-06 00:19:02.509541,Eva,East,Gadget,14,18.88
2025-08-08 00:19:02.509541,Eva,North,Gadget,15,190.54
2025-08-08 00:19:02.509541,Charlie,South,Gadget,1,315.76
2025-08-08 00:19:02.509541,David,East,Thingama,6,265.51
2025-08-08 00:19:02.509541,Charlie,West,Doohickey,2,305.73
2025-08-09 00:19:02.509541,David,South,Thingama,22,237.85
2025-08-09 00:19:02.509541,David,North,Thingama,18,315.63
2025-08-10 00:19:02.509541,David,North,Gadget,27,126.36
2025-08-10 00:19:02.509541,Bob,North,Gadget,45,440.87
2025-08-11 00:19:02.509541,Bob,West,Thingama,27,202.62
2025-08-11 00:19:02.509541,Eva,North,Doohickey,20,336.93
2025-08-11 00:19:02.509541,Charlie,East,Doohickey,30,430.82
2025-08-12 00:19:02.509541,Charlie,North,Widget,11,461.18
2025-08-12 00:19:02.509541,Eva,South,Thingama,10,210.14
2025-08-13 00:19:02.509541,Bob,West,Doohickey,11,257.7
2025-08-13 00:19:02.509541,Charlie,South,Gadget,34,167.37
2025-08-14 00:19:02.509541,Bob,West,Widget,41,465.03
2025-08-14 00:19:02.509541,Eva,North,Thingama,49,385.03
2025-08-16 00:19:02.509541,Bob,North,Thingama,49,71.72
2025-08-16 00:19:02.509541,Alice,North,Thingama,4,24.04
2025-08-16 00:19:02.509541,Charlie,East,Widget,4,434.13
2025-08-16 00:19:02.509541,Bob,West,Doohickey,36,340.18
2025-08-16 00:19:02.509541,Alice,West,Doohickey,33,488.87
2025-08-17 00:19:02.509541,Eva,North,Thingama,44,313.57
2025-08-17 00:19:02.509541,Bob,South,Doohickey,25,306.94
2025-08-17 00:19:02.509541,Eva,North,Gadget,13,292.58
2025-08-17 00:19:02.509541,Bob,East,Gadget,43,338.84
2025-08-18 00:19:02.509541,Bob,North,Thingama,15,445.67
2025-08-18 00:19:02.509541,Alice,South,Thingama,36,302.61
2025-08-18 00:19:02.509541,Alice,East,Doohickey,9,105.54
2025-08-18 00:19:02.509541,Eva,East,Widget,38,444.18
2025-08-18 00:19:02.509541,Charlie,West,Gadget,38,154.95
2025-08-18 00:19:02.509541,Charlie,South,Gadget,36,384.53
2025-08-18 00:19:02.509541,Alice,North,Thingama,49,86.67
2025-08-19 00:19:02.509541,Charlie,South,Gadget,11,150.39
2025-08-19 00:19:02.509541,Charlie,South,Widget,27,64.68
2025-08-20 00:19:02.509541,Charlie,South,Widget,48,230.03
2025-08-21 00:19:02.509541,David,West,Thingama,18,334.23
2025-08-21 00:19:02.509541,Charlie,South,Thingama,32,295.76
2025-08-21 00:19:02.509541,Alice,South,Doohickey,8,123.69
2025-08-22 00:19:02.509541,Bob,East,Widget,5,373.4
2025-08-22 00:19:02.509541,Eva,West,Thingama,39,301.48
2025-08-23 00:19:02.509541,Alice,North,Widget,33,255.14
2025-08-23 00:19:02.509541,Charlie,West,Gadget,16,169.35
2025-08-23 00:19:02.509541,David,West,Doohickey,16,351.94
2025-08-23 00:19:02.509541,David,North,Gadget,30,476.21
2025-08-24 00:19:02.509541,Bob,North,Widget,23,409.19
2025-08-24 00:19:02.509541,Alice,North,Gadget,1,219.47
2025-08-25 00:19:02.509541,Bob,East,Gadget,9,163.26
2025-08-25 00:19:02.509541,Alice,South,Doohickey,38,273.63
2025-08-26 00:19:02.509541,Bob,South,Gadget,26,116.66
2025-08-26 00:19:02.509541,Alice,South,Thingama,25,382.48
2025-08-27 00:19:02.509541,Charlie,North,Thingama,42,246.24
2025-08-27 00:19:02.509541,Charlie,East,Doohickey,8,218.8
2025-08-27 00:19:02.509541,Alice,West,Widget,29,448.83
2025-08-27 00:19:02.509541,Charlie,East,Thingama,10,209.33
2025-08-27 00:19:02.509541,Charlie,East,Thingama,21,83.73
2025-08-27 00:19:02.509541,Bob,East,Gadget,27,448.72
2025-08-28 00:19:02.509541,Charlie,West,Thingama,37,349.26
2025-08-29 00:19:02.509541,David,North,Thingama,21,334.36
2025-08-29 00:19:02.509541,David,West,Thingama,5,291.4
2025-08-30 00:19:02.509541,Alice,North,Widget,7,340.26
2025-08-31 00:19:02.509541,Charlie,North,Thingama,23,15.3
2025-08-31 00:19:02.509541,David,South,Gadget,2,34.81
2025-08-31 00:19:02.509541,Eva,West,Thingama,48,413.4
2025-08-31 00:19:02.509541,Bob,South,Doohickey,29,218.18
2025-08-31 00:19:02.509541,Eva,West,Widget,4,287.64
2025-08-31 00:19:02.509541,Eva,South,Thingama,3,106.25
2025-09-01 00:19:02.509541,Eva,West,Thingama,22,420.73
2025-09-01 00:19:02.509541,Charlie,South,Doohickey,25,449.71
2025-09-01 00:19:02.509541,David,North,Gadget,19,339.47
2025-09-02 00:19:02.509541,Alice,East,Doohickey,16,51.44
2025-09-02 00:19:02.509541,Charlie,West,Doohickey,37,497.86
2025-09-02 00:19:02.509541,David,West,Doohickey,12,191.09
2025-09-02 00:19:02.509541,David,East,Thingama,35,129.26
2025-09-03 00:19:02.509541,Charlie,East,Gadget,13,480.33
2025-09-03 00:19:02.509541,Bob,East,Thingama,18,187.09
2025-09-03 00:19:02.509541,Eva,South,Doohickey,14,168.28
2025-09-04 00:19:02.509541,Charlie,South,Doohickey,33,454.84
2025-09-04 00:19:02.509541,Charlie,East,Thingama,48,361.03
2025-09-05 00:19:02.509541,Charlie,East,Widget,45,186.61
2025-09-05 00:19:02.509541,Bob,North,Gadget,27,398.45
2025-09-05 00:19:02.509541,Eva,South,Doohickey,47,219.52
2025-09-05 00:19:02.509541,Eva,East,Doohickey,22,345.72
2025-09-06 00:19:02.509541,Alice,West,Widget,37,251.48
2025-09-07 00:19:02.509541,Eva,South,Doohickey,35,484.36
2025-09-07 00:19:02.509541,Eva,West,Doohickey,6,334.24
2025-09-07 00:19:02.509541,Bob,West,Doohickey,5,436.64
2025-09-07 00:19:02.509541,Alice,East,Widget,36,118.02
2025-09-07 00:19:02.509541,Bob,North,Widget,33,153.74
2025-09-08 00:19:02.509541,Alice,East,Gadget,47,286.32
2025-09-08 00:19:02.509541,Charlie,South,Gadget,12,222.4
2025-09-08 00:19:02.509541,Alice,West,Widget,38,372.04
2025-09-09 00:19:02.509541,Bob,West,Widget,46,268.56
2025-09-09 00:19:02.509541,Eva,West,Widget,22,151.7
2025-09-09 00:19:02.509541,Bob,North,Doohickey,34,436.56
2025-09-10 00:19:02.509541,Eva,West,Gadget,9,406.12
2025-09-10 00:19:02.509541,David,North,Doohickey,39,100.47
2025-09-10 00:19:02.509541,Charlie,West,Widget,45,311.99
2025-09-11 00:19:02.509541,David,East,Doohickey,23,278.73
2025-09-11 00:19:02.509541,Charlie,West,Doohickey,19,16.7
2025-09-12 00:19:02.509541,Alice,South,Thingama,5,89.88
2025-09-13 00:19:02.509541,Eva,South,Doohickey,27,168.53
2025-09-13 00:19:02.509541,David,East,Thingama,34,213.73
2025-09-14 00:19:02.509541,Charlie,West,Thingama,9,376.61
2025-09-14 00:19:02.509541,Eva,North,Widget,19,10.54
2025-09-15 00:19:02.509541,Eva,West,Doohickey,42,335.13
2025-09-15 00:19:02.509541,Eva,East,Doohickey,34,450.21
2025-09-16 00:19:02.509541,Eva,West,Doohickey,3,320.52
2025-09-16 00:19:02.509541,Eva,West,Thingama,9,82.17
2025-09-17 00:19:02.509541,Charlie,South,Gadget,48,293.04
2025-09-17 00:19:02.509541,Alice,South,Widget,5,486.81
2025-09-17 00:19:02.509541,Bob,South,Doohickey,8,47.09
2025-09-18 00:19:02.509541,Bob,East,Gadget,25,117.17
2025-09-18 00:19:02.509541,Alice,South,Widget,11,176.59
2025-09-18 00:19:02.509541,David,South,Gadget,18,423.99
2025-09-18 00:19:02.509541,David,East,Gadget,11,146.54
2025-09-18 00:19:02.509541,Bob,North,Thingama,16,243.9
2025-09-18 00:19:02.509541,Eva,South,Gadget,22,468.39
2025-09-18 00:19:02.509541,David,West,Thingama,26,234.63
2025-09-19 00:19:02.509541,Bob,East,Doohickey,25,26.0
2025-09-19 00:19:02.509541,Bob,West,Doohickey,33,163.8
2025-09-19 00:19:02.509541,David,East,Widget,27,68.75
2025-09-19 00:19:02.509541,Eva,West,Doohickey,36,17.94
2025-09-19 00:19:02.509541,Bob,East,Widget,35,270.33
2025-09-20 00:19:02.509541,David,East,Widget,47,378.08
2025-09-20 00:19:02.509541,Alice,East,Gadget,34,135.11
2025-09-20 00:19:02.509541,Bob,South,Doohickey,45,133.98
2025-09-21 00:19:02.509541,Eva,South,Doohickey,36,303.66
2025-09-21 00:19:02.509541,Charlie,North,Widget,36,211.48
2025-09-21 00:19:02.509541,Charlie,East,Widget,43,84.5
2025-09-21 00:19:02.509541,Charlie,South,Doohickey,30,35.85
2025-09-21 00:19:02.509541,Charlie,North,Doohickey,37,221.85
2025-09-21 00:19:02.509541,Eva,South,Widget,11,432.48
2025-09-22 00:19:02.509541,Eva,West,Gadget,48,25.26
2025-09-22 00:19:02.509541,Bob,South,Thingama,5,402.48
2025-09-22 00:19:02.509541,Bob,West,Thingama,37,53.31
2025-09-23 00:19:02.509541,Charlie,South,Doohickey,12,469.77
2025-09-24 00:19:02.509541,Bob,South,Thingama,42,40.66
2025-09-24 00:19:02.509541,Eva,East,Widget,10,376.07
2025-09-24 00:19:02.509541,Alice,South,Widget,47,226.85
2025-09-25 00:19:02.509541,Charlie,East,Doohickey,23,24.71
2025-09-25 00:19:02.509541,David,South,Gadget,17,418.94
2025-09-25 00:19:02.509541,Alice,West,Thingama,13,15.54
2025-09-25 00:19:02.509541,Bob,East,Gadget,29,199.79
2025-09-25 00:19:02.509541,Charlie,South,Doohickey,44,445.18
2025-09-26 00:19:02.509541,Alice,West,Doohickey,28,355.68
2025-09-26 00:19:02.509541,Alice,North,Thingama,27,172.67
2025-09-26 00:19:02.509541,Eva,West,Thingama,25,465.28
2025-09-26 00:19:02.509541,Eva,South,Widget,30,238.49
2025-09-26 00:19:02.509541,Alice,North,Gadget,29,263.82
2025-09-26 00:19:02.509541,Alice,East,Gadget,45,394.03
2025-09-27 00:19:02.509541,Alice,North,Doohickey,41,123.93
2025-09-27 00:19:02.509541,Eva,West,Widget,21,316.06
2025-09-28 00:19:02.509541,Bob,North,Doohickey,13,100.78
2025-09-28 00:19:02.509541,Charlie,West,Thingama,3,338.92
2025-09-28 00:19:02.509541,Bob,East,Widget,1,261.91
2025-09-29 00:19:02.509541,Bob,West,Doohickey,8,315.09
2025-09-29 00:19:02.509541,Charlie,South,Gadget,24,453.08
2025-09-30 00:19:02.509541,Bob,South,Thingama,16,51.5
2025-10-01 00:19:02.509541,Eva,North,Widget,30,118.96
2025-10-02 00:19:02.509541,Alice,East,Widget,41,390.75
2025-10-02 00:19:02.509541,Eva,West,Doohickey,17,300.65
2025-10-02 00:19:02.509541,David,North,Gadget,17,391.76
2025-10-04 00:19:02.509541,Bob,South,Thingama,38,430.43
2025-10-04 00:19:02.509541,David,West,Widget,22,60.6
2025-10-04 00:19:02.509541,David,North,Widget,47,351.12
2025-10-04 00:19:02.509541,Charlie,West,Widget,36,455.13
2025-10-04 00:19:02.509541,Alice,West,Thingama,46,42.82
2025-10-04 00:19:02.509541,Eva,North,Doohickey,10,279.44
2025-10-04 00:19:02.509541,Charlie,South,Doohickey,11,338.87
2025-10-05 00:19:02.509541,Eva,East,Gadget,33,35.47
2025-10-05 00:19:02.509541,Eva,East,Gadget,49,122.15
2025-10-05 00:19:02.509541,Eva,West,Doohickey,24,330.63
2025-10-05 00:19:02.509541,David,South,Gadget,8,20.74
2025-10-06 00:19:02.509541,David,East,Thingama,27,290.79
2025-10-06 00:19:02.509541,Charlie,South,Gadget,37,309.17
2025-10-07 00:19:02.509541,Bob,West,Thingama,12,228.89
2025-10-07 00:19:02.509541,Alice,North,Gadget,43,85.7
2025-10-07 00:19:02.509541,Alice,North,Gadget,43,226.72
2025-10-07 00:19:02.509541,Charlie,East,Widget,19,275.04
2025-10-08 00:19:02.509541,Alice,East,Gadget,32,118.41
2025-10-08 00:19:02.509541,Eva,South,Doohickey,13,180.28
2025-10-08 00:19:02.509541,Alice,North,Doohickey,45,402.71
2025-10-09 00:19:02.509541,Bob,West,Thingama,49,318.61
2025-10-09 00:19:02.509541,Eva,East,Widget,19,143.1
2025-10-09 00:19:02.509541,Alice,East,Widget,8,385.59
2025-10-10 00:19:02.509541,Alice,North,Doohickey,49,214.89
2025-10-11 00:19:02.509541,Bob,South,Thingama,10,262.35
2025-10-11 00:19:02.509541,Eva,East,Gadget,36,452.18
2025-10-12 00:19:02.509541,Bob,South,Widget,22,415.5
2025-10-12 00:19:02.509541,Charlie,North,Doohickey,20,211.49
2025-10-13 00:19:02.509541,Alice,West,Gadget,13,200.72
2025-10-14 00:19:02.509541,Bob,East,Widget,11,85.91
2025-10-14 00:19:02.509541,Charlie,South,Widget,2,410.48
2025-10-14 00:19:02.509541,Charlie,East,Widget,15,207.18
2025-10-14 00:19:02.509541,Charlie,East,Widget,41,487.92
2025-10-14 00:19:02.509541,Charlie,South,Doohickey,19,210.74
2025-10-14 00:19:02.509541,Bob,South,Thingama,23,46.31
2025-10-15 00:19:02.509541,David,East,Gadget,20,200.03
2025-10-16 00:19:02.509541,Charlie,South,Doohickey,16,93.17
2025-10-16 00:19:02.509541,David,West,Widget,25,102.08
2025-10-16 00:19:02.509541,Alice,North,Doohickey,44,403.47
2025-10-16 00:19:02.509541,David,West,Widget,34,202.01
2025-10-17 00:19:02.509541,Charlie,South,Thingama,11,80.21
2025-10-17 00:19:02.509541,Charlie,West,Widget,3,270.82
2025-10-17 00:19:02.509541,David,East,Widget,3,331.94
2025-10-17 00:19:02.509541,Bob,West,Doohickey,47,94.54
2025-10-17 00:19:02.509541,Alice,South,Widget,26,239.86
2025-10-17 00:19:02.509541,Charlie,South,Widget,4,418.14
2025-10-18 00:19:02.509541,Alice,North,Widget,9,106.36
2025-10-18 00:19:02.509541,David,West,Widget,23,114.1
2025-10-19 00:19:02.509541,Eva,South,Gadget,13,88.63
2025-10-20 00:19:02.509541,Bob,East,Doohickey,3,174.29
2025-10-20 00:19:02.509541,Charlie,North,Gadget,24,328.26
2025-10-21 00:19:02.509541,Charlie,East,Gadget,27,388.66
2025-10-21 00:19:02.509541,Alice,North,Gadget,48,215.4
2025-10-21 00:19:02.509541,Alice,South,Widget,9,212.45
2025-10-21 00:19:02.509541,Alice,South,Doohickey,27,372.14
2025-10-22 00:19:02.509541,Alice,East,Doohickey,1,382.68
2025-10-22 00:19:02.509541,Bob,South,Widget,32,234.97
2025-10-23 00:19:02.509541,Eva,South,Gadget,19,412.48
2025-10-23 00:19:02.509541,David,South,Thingama,17,220.69
2025-10-24 00:19:02.509541,Charlie,West,Thingama,19,433.68
2025-10-24 00:19:02.509541,David,South,Doohickey,34,398.37
2025-10-24 00:19:02.509541,Eva,North,Thingama,46,291.93
2025-10-24 00:19:02.509541,Alice,South,Widget,41,122.7
2025-10-24 00:19:02.509541,Eva,West,Gadget,19,93.24
2025-10-25 00:19:02.509541,Alice,West,Widget,29,40.29
2025-10-25 00:19:02.509541,David,South,Gadget,34,85.31
2025-10-26 00:19:02.509541,Bob,West,Gadget,40,277.88
2025-10-27 00:19:02.509541,David,South,Thingama,20,395.81
2025-10-27 00:19:02.509541,David,South,Widget,20,389.87
2025-10-28 00:19:02.509541,David,East,Doohickey,28,124.57
2025-10-28 00:19:02.509541,Charlie,North,Thingama,13,143.25
2025-10-28 00:19:02.509541,Bob,West,Widget,23,487.16
2025-10-29 00:19:02.509541,Eva,North,Widget,28,99.59
2025-10-30 00:19:02.509541,Eva,West,Doohickey,17,413.58
2025-10-30 00:19:02.509541,Eva,West,Doohickey,17,73.54
2025-10-30 00:19:02.509541,Bob,West,Gadget,5,89.77
2025-10-31 00:19:02.509541,David,West,Thingama,15,200.81
2025-10-31 00:19:02.509541,Eva,South,Gadget,15,49.8
2025-10-31 00:19:02.509541,David,North,Thingama,19,319.87
2025-10-31 00:19:02.509541,Eva,South,Doohickey,29,474.11
2025-10-31 00:19:02.509541,David,West,Doohickey,20,409.32
2025-11-01 00:19:02.509541,Charlie,North,Gadget,38,331.04
2025-11-01 00:19:02.509541,David,West,Widget,7,461.44
2025-11-01 00:19:02.509541,Eva,South,Thingama,14,183.59
2025-11-02 00:19:02.509541,Bob,North,Gadget,24,273.78
2025-11-02 00:19:02.509541,Alice,North,Thingama,45,325.93
2025-11-03 00:19:02.509541,Bob,South,Thingama,44,184.11
2025-11-03 00:19:02.509541,Bob,North,Doohickey,7,42.42
2025-11-03 00:19:02.509541,Alice,East,Gadget,9,10.98
2025-11-03 00:19:02.509541,Alice,East,Gadget,31,331.8
2025-11-03 00:19:02.509541,David,North,Doohickey,5,88.15
2025-11-03 00:19:02.509541,David,South,Thingama,10,490.48
2025-11-04 00:19:02.509541,Alice,East,Doohickey,32,300.49
2025-11-04 00:19:02.509541,Alice,East,Gadget,40,115.2
2025-11-04 00:19:02.509541,Eva,North,Doohickey,1,430.79
2025-11-05 00:19:02.509541,Bob,West,Widget,4,211.48
2025-11-05 00:19:02.509541,Bob,East,Doohickey,1,233.03
2025-11-05 00:19:02.509541,David,South,Thingama,47,270.47
2025-11-05 00:19:02.509541,Eva,North,Gadget,36,377.88
2025-11-05 00:19:02.509541,Alice,East,Doohickey,48,153.27
2025-11-05 00:19:02.509541,David,East,Widget,43,122.62
2025-11-05 00:19:02.509541,Bob,East,Thingama,22,333.16
2025-11-07 00:19:02.509541,Bob,West,Widget,36,495.43
2025-11-07 00:19:02.509541,Bob,North,Gadget,8,455.5
2025-11-07 00:19:02.509541,Alice,East,Gadget,43,304.45
2025-11-08 00:19:02.509541,Charlie,North,Doohickey,29,143.03
2025-11-08 00:19:02.509541,David,South,Doohickey,29,144.87
2025-11-08 00:19:02.509541,Eva,West,Widget,13,113.7
2025-11-09 00:19:02.509541,Eva,North,Doohickey,22,34.31
2025-11-09 00:19:02.509541,David,West,Gadget,49,144.08
2025-11-10 00:19:02.509541,David,South,Thingama,24,67.02
2025-11-10 00:19:02.509541,Alice,West,Doohickey,26,368.43
2025-11-11 00:19:02.509541,Bob,South,Doohickey,35,39.37
2025-11-11 00:19:02.509541,Alice,West,Gadget,17,388.68
2025-11-11 00:19:02.509541,Alice,South,Doohickey,4,103.55
2025-11-11 00:19:02.509541,Bob,South,Widget,23,197.57
2025-11-12 00:19:02.509541,David,West,Doohickey,28,26.5
2025-11-14 00:19:02.509541,Charlie,North,Doohickey,21,243.04
2025-11-14 00:19:02.509541,Charlie,North,Gadget,9,139.67
2025-11-14 00:19:02.509541,Charlie,South,Widget,42,319.4
2025-11-15 00:19:02.509541,David,South,Gadget,26,286.47
2025-11-15 00:19:02.509541,David,East,Widget,29,369.17
2025-11-15 00:19:02.509541,David,South,Gadget,1,88.58
2025-11-15 00:19:02.509541,Bob,South,Widget,19,207.57
2025-11-16 00:19:02.509541,Eva,East,Gadget,34,459.46
2025-11-16 00:19:02.509541,Alice,North,Widget,43,400.16
2025-11-16 00:19:02.509541,David,East,Widget,47,137.24
2025-11-17 00:19:02.509541,David,West,Widget,48,193.53
2025-11-18 00:19:02.509541,David,East,Widget,5,215.62
2025-11-18 00:19:02.509541,Eva,South,Thingama,24,274.75
2025-11-19 00:19:02.509541,Alice,West,Doohickey,45,356.06
2025-11-19 00:19:02.509541,Alice,West,Thingama,19,439.4
2025-11-20 00:19:02.509541,David,East,Gadget,20,206.1
2025-11-20 00:19:02.509541,Alice,North,Doohickey,30,14.89
2025-11-20 00:19:02.509541,Alice,East,Thingama,20,211.54
2025-11-21 00:19:02.509541,Bob,North,Widget,23,20.99
2025-11-21 00:19:02.509541,Bob,East,Gadget,35,356.62
2025-11-21 00:19:02.509541,Bob,West,Widget,35,262.32
2025-11-25 00:19:02.509541,David,North,Doohickey,37,209.8
2025-11-25 00:19:02.509541,Bob,North,Gadget,48,341.42
2025-11-25 00:19:02.509541,Alice,West,Thingama,30,29.67
2025-11-26 00:19:02.509541,Alice,South,Doohickey,36,491.95
2025-11-26 00:19:02.509541,Bob,East,Gadget,36,368.88
2025-11-27 00:19:02.509541,David,South,Gadget,35,339.82
2025-11-27 00:19:02.509541,David,North,Gadget,3,110.12
2025-11-27 00:19:02.509541,David,West,Gadget,35,85.41
2025-11-28 00:19:02.509541,David,North,Gadget,32,401.16
2025-11-28 00:19:02.509541,David,West,Doohickey,11,336.57
2025-11-28 00:19:02.509541,Eva,West,Widget,8,67.6
2025-11-28 00:19:02.509541,David,East,Widget,21,27.11
2025-11-28 00:19:02.509541,David,East,Doohickey,26,255.74
2025-11-29 00:19:02.509541,David,West,Widget,34,371.6
2025-11-29 00:19:02.509541,Alice,East,Widget,13,79.99
2025-11-30 00:19:02.509541,David,North,Doohickey,3,99.07
2025-11-30 00:19:02.509541,Eva,West,Doohickey,34,446.52
2025-11-30 00:19:02.509541,Bob,North,Doohickey,18,165.6
2025-11-30 00:19:02.509541,Bob,North,Widget,3,147.71
2025-11-30 00:19:02.509541,Alice,West,Doohickey,35,24.75
2025-11-30 00:19:02.509541,Alice,North,Thingama,15,270.41
2025-12-01 00:19:02.509541,Alice,East,Doohickey,10,47.72
2025-12-01 00:19:02.509541,David,West,Doohickey,26,400.89
2025-12-01 00:19:02.509541,Bob,South,Widget,39,284.73
2025-12-01 00:19:02.509541,Alice,South,Gadget,49,173.86
2025-12-01 00:19:02.509541,Alice,South,Thingama,36,376.69
2025-12-03 00:19:02.509541,Alice,South,Doohickey,6,150.0
2025-12-03 00:19:02.509541,Alice,West,Widget,38,89.0
2025-12-03 00:19:02.509541,Charlie,South,Doohickey,22,466.95
2025-12-03 00:19:02.509541,David,West,Thingama,12,142.76
2025-12-03 00:19:02.509541,Alice,North,Thingama,23,170.13
2025-12-03 00:19:02.509541,David,South,Thingama,49,483.0
2025-12-03 00:19:02.509541,Charlie,North,Gadget,47,19.38
2025-12-04 00:19:02.509541,Bob,South,Gadget,19,130.86
2025-12-05 00:19:02.509541,Alice,West,Doohickey,10,428.94
2025-12-05 00:19:02.509541,Charlie,North,Widget,19,203.63
2025-12-05 00:19:02.509541,Charlie,North,Thingama,19,95.81
2025-12-06 00:19:02.509541,Eva,North,Thingama,45,95.58
2025-12-06 00:19:02.509541,Eva,North,Thingama,36,442.63
2025-12-06 00:19:02.509541,Eva,North,Gadget,20,315.12
2025-12-06 00:19:02.509541,Eva,East,Doohickey,17,317.39
2025-12-06 00:19:02.509541,Bob,East,Gadget,11,301.65
2025-12-07 00:19:02.509541,Eva,South,Widget,49,19.39
2025-12-07 00:19:02.509541,Charlie,East,Gadget,23,128.34
2025-12-07 00:19:02.509541,Alice,East,Gadget,21,404.8
2025-12-07 00:19:02.509541,Alice,South,Thingama,41,61.88
2025-12-08 00:19:02.509541,Bob,West,Doohickey,26,115.31
2025-12-08 00:19:02.509541,Eva,North,Doohickey,49,357.3
2025-12-08 00:19:02.509541,Eva,North,Gadget,10,343.02
2025-12-08 00:19:02.509541,David,South,Thingama,41,296.02
2025-12-09 00:19:02.509541,David,West,Thingama,8,68.99
2025-12-09 00:19:02.509541,David,North,Widget,38,255.18
2025-12-09 00:19:02.509541,Bob,South,Gadget,32,386.6
2025-12-10 00:19:02.509541,Charlie,West,Doohickey,9,71.49
2025-12-10 00:19:02.509541,David,East,Widget,2,239.16
2025-12-10 00:19:02.509541,Eva,West,Widget,23,34.67
2025-12-10 00:19:02.509541,Eva,East,Gadget,23,215.44
2025-12-10 00:19:02.509541,Eva,West,Doohickey,6,420.19
2025-12-11 00:19:02.509541,Charlie,West,Doohickey,7,60.39
2025-12-11 00:19:02.509541,Eva,West,Thingama,48,345.09
2025-12-12 00:19:02.509541,Eva,West,Thingama,38,124.33
2025-12-12 00:19:02.509541,David,East,Doohickey,31,393.82
2025-12-12 00:19:02.509541,Bob,North,Doohickey,46,249.8
2025-12-12 00:19:02.509541,Eva,West,Widget,5,221.3
2025-12-12 00:19:02.509541,Charlie,North,Doohickey,42,218.94
2025-12-13 00:19:02.509541,Eva,South,Widget,14,232.83
2025-12-13 00:19:02.509541,Alice,East,Thingama,14,37.25
2025-12-14 00:19:02.509541,Alice,North,Thingama,15,467.87
2025-12-14 00:19:02.509541,Alice,North,Thingama,31,173.48
2025-12-14 00:19:02.509541,Alice,North,Thingama,15,364.14
2025-12-14 00:19:02.509541,Eva,West,Doohickey,10,442.45
2025-12-14 00:19:02.509541,David,West,Thingama,2,94.13
2025-12-16 00:19:02.509541,David,North,Thingama,4,147.99
2025-12-16 00:19:02.509541,David,East,Gadget,1,113.06
2025-12-16 00:19:02.509541,Charlie,South,Widget,43,373.7
2025-12-16 00:19:02.509541,Bob,North,Doohickey,27,403.38
2025-12-16 00:19:02.509541,Alice,South,Widget,22,128.33
2025-12-16 00:19:02.509541,Eva,East,Doohickey,18,50.93
2025-12-16 00:19:02.509541,Alice,North,Gadget,48,121.0
2025-12-16 00:19:02.509541,Bob,North,Widget,32,247.15
2025-12-17 00:19:02.509541,Eva,South,Widget,5,378.36
2025-12-18 00:19:02.509541,Eva,West,Widget,45,240.77
2025-12-18 00:19:02.509541,David,North,Doohickey,30,29.3
2025-12-19 00:19:02.509541,Charlie,South,Thingama,49,250.64
2025-12-19 00:19:02.509541,Bob,North,Widget,35,483.22
2025-12-19 00:19:02.509541,Alice,East,Widget,1,168.92
2025-12-20 00:19:02.509541,Alice,East,Thingama,8,293.86
2025-12-20 00:19:02.509541,Alice,North,Thingama,36,238.49
2025-12-20 00:19:02.509541,Eva,East,Thingama,2,89.07
2025-12-21 00:19:02.509541,David,West,Doohickey,32,398.97
2025-12-21 00:19:02.509541,Alice,West,Doohickey,35,80.07
2025-12-21 00:19:02.509541,David,North,Thingama,22,360.4
2025-12-22 00:19:02.509541,David,North,Doohickey,6,293.13
2025-12-22 00:19:02.509541,Bob,East,Thingama,16,83.13
2025-12-22 00:19:02.509541,David,West,Gadget,29,183.9
2025-12-22 00:19:02.509541,Eva,North,Doohickey,13,232.46
2025-12-22 00:19:02.509541,Bob,North,Widget,7,379.4
2025-12-23 00:19:02.509541,Alice,East,Widget,49,331.64
2025-12-23 00:19:02.509541,David,North,Doohickey,47,350.37
2025-12-23 00:19:02.509541,Bob,North,Doohickey,39,202.52
2025-12-24 00:19:02.509541,Alice,North,Widget,17,397.86
2025-12-25 00:19:02.509541,Charlie,South,Widget,49,205.76
2025-12-25 00:19:02.509541,Alice,North,Widget,2,396.75
2025-12-25 00:19:02.509541,Eva,West,Gadget,39,183.79
2025-12-25 00:19:02.509541,Alice,South,Widget,42,255.63
2025-12-26 00:19:02.509541,David,South,Widget,17,136.71
2025-12-26 00:19:02.509541,Alice,West,Thingama,22,275.46
2025-12-27 00:19:02.509541,David,West,Widget,16,442.03
2025-12-29 00:19:02.509541,Charlie,South,Widget,40,40.57
2025-12-29 00:19:02.509541,Alice,North,Widget,6,132.34
2025-12-30 00:19:02.509541,Eva,West,Doohickey,29,410.32
2025-12-30 00:19:02.509541,Alice,North,Doohickey,28,49.98
2025-12-30 00:19:02.509541,Alice,East,Thingama,30,111.7
2025-12-30 00:19:02.509541,Charlie,East,Doohickey,48,79.2
2025-12-30 00:19:02.509541,David,West,Doohickey,5,51.22
2025-12-30 00:19:02.509541,Eva,West,Doohickey,21,412.7
2026-01-01 00:19:02.509541,Charlie,West,Thingama,33,295.79
2026-01-01 00:19:02.509541,Charlie,South,Thingama,10,290.28
2026-01-01 00:19:02.509541,Eva,West,Gadget,33,93.76
2026-01-01 00:19:02.509541,Bob,West,Thingama,13,196.08
2026-01-02 00:19:02.509541,David,East,Gadget,5,161.15
2026-01-02 00:19:02.509541,Eva,South,Gadget,43,377.63
2026-01-02 00:19:02.509541,Eva,West,Gadget,18,116.92
2026-01-03 00:19:02.509541,Alice,West,Gadget,6,279.83
2026-01-03 00:19:02.509541,Alice,North,Gadget,12,366.9
2026-01-04 00:19:02.509541,David,North,Widget,41,485.16
2026-01-04 00:19:02.509541,David,West,Gadget,13,414.45
2026-01-04 00:19:02.509541,Charlie,South,Widget,5,90.99
2026-01-04 00:19:02.509541,David,South,Widget,46,128.35
2026-01-04 00:19:02.509541,Bob,South,Gadget,47,222.58
2026-01-04 00:19:02.509541,Charlie,North,Widget,37,347.14
2026-01-04 00:19:02.509541,Alice,East,Gadget,42,352.48
2026-01-05 00:19:02.509541,David,South,Thingama,36,360.23
2026-01-05 00:19:02.509541,Eva,South,Thingama,17,37.53
2026-01-05 00:19:02.509541,Alice,North,Gadget,21,380.95
2026-01-05 00:19:02.509541,David,North,Doohickey,27,155.67
2026-01-05 00:19:02.509541,Eva,East,Doohickey,28,259.83
2026-01-05 00:19:02.509541,Charlie,South,Doohickey,25,183.91
2026-01-06 00:19:02.509541,Eva,West,Widget,18,400.0
2026-01-06 00:19:02.509541,David,South,Doohickey,16,170.05
2026-01-06 00:19:02.509541,Bob,West,Thingama,28,29.08
2026-01-07 00:19:02.509541,Alice,North,Widget,1,317.93
2026-01-07 00:19:02.509541,Charlie,East,Doohickey,10,404.66
2026-01-07 00:19:02.509541,Eva,East,Doohickey,33,139.39
2026-01-08 00:19:02.509541,Alice,South,Widget,41,214.66
2026-01-08 00:19:02.509541,Charlie,South,Widget,7,25.55
2026-01-09 00:19:02.509541,Charlie,North,Gadget,29,324.34
2026-01-09 00:19:02.509541,Alice,East,Widget,29,43.83
2026-01-09 00:19:02.509541,Bob,West,Gadget,2,182.1
2026-01-10 00:19:02.509541,Bob,East,Doohickey,32,126.69
2026-01-10 00:19:02.509541,Alice,South,Widget,7,468.78
2026-01-11 00:19:02.509541,Charlie,West,Doohickey,6,29.24
2026-01-11 00:19:02.509541,Eva,East,Widget,22,12.6
2026-01-11 00:19:02.509541,David,South,Widget,39,412.14
2026-01-11 00:19:02.509541,Bob,North,Thingama,12,101.98
2026-01-11 00:19:02.509541,Alice,West,Gadget,32,467.81
2026-01-12 00:19:02.509541,Charlie,North,Thingama,29,423.89
2026-01-12 00:19:02.509541,Bob,West,Doohickey,7,341.7
2026-01-13 00:19:02.509541,Eva,East,Gadget,16,354.05
2026-01-14 00:19:02.509541,David,North,Doohickey,47,249.04
2026-01-14 00:19:02.509541,Eva,East,Doohickey,19,435.52
2026-01-15 00:19:02.509541,Charlie,East,Doohickey,41,498.12
2026-01-16 00:19:02.509541,Eva,East,Thingama,19,424.97
2026-01-16 00:19:02.509541,Alice,East,Thingama,47,257.76
2026-01-16 00:19:02.509541,Charlie,North,Widget,40,421.2
2026-01-16 00:19:02.509541,Charlie,South,Thingama,40,92.07
2026-01-16 00:19:02.509541,Charlie,North,Thingama,47,403.86
2026-01-16 00:19:02.509541,Alice,East,Thingama,25,192.83
2026-01-17 00:19:02.509541,Charlie,West,Doohickey,1,15.04
2026-01-17 00:19:02.509541,Bob,North,Widget,41,160.82
2026-01-19 00:19:02.509541,Charlie,East,Widget,13,341.15
2026-01-19 00:19:02.509541,David,East,Doohickey,35,449.98
2026-01-20 00:19:02.509541,Bob,West,Gadget,38,66.54
2026-01-20 00:19:02.509541,Charlie,South,Thingama,44,455.03
2026-01-20 00:19:02.509541,Alice,South,Doohickey,24,499.78
2026-01-20 00:19:02.509541,David,South,Widget,13,13.13
2026-01-20 00:19:02.509541,Eva,West,Doohickey,20,267.12
2026-01-21 00:19:02.509541,Alice,West,Gadget,49,365.25
2026-01-22 00:19:02.509541,Eva,North,Doohickey,15,340.09
2026-01-23 00:19:02.509541,Eva,North,Gadget,40,122.5
2026-01-23 00:19:02.509541,Alice,West,Doohickey,3,137.52
2026-01-23 00:19:02.509541,Charlie,North,Doohickey,38,191.85
2026-01-23 00:19:02.509541,Eva,North,Thingama,8,247.42
2026-01-24 00:19:02.509541,Alice,West,Widget,8,170.81
2026-01-24 00:19:02.509541,Bob,South,Doohickey,44,249.92
2026-01-25 00:19:02.509541,Eva,South,Thingama,10,108.75
2026-01-25 00:19:02.509541,Eva,South,Thingama,45,486.96
2026-01-25 00:19:02.509541,Eva,South,Doohickey,5,419.12
2026-01-25 00:19:02.509541,Charlie,North,Doohickey,26,140.09
2026-01-26 00:19:02.509541,Charlie,East,Widget,41,434.39
2026-01-26 00:19:02.509541,David,South,Doohickey,42,272.42
2026-01-27 00:19:02.509541,Charlie,East,Gadget,24,90.56
2026-01-27 00:19:02.509541,Bob,West,Gadget,34,494.83
2026-01-27 00:19:02.509541,Bob,West,Widget,30,398.17
2026-01-29 00:19:02.509541,David,North,Widget,47,465.28
2026-01-29 00:19:02.509541,Bob,East,Widget,29,404.77
2026-01-29 00:19:02.509541,Bob,West,Widget,17,348.53
2026-01-29 00:19:02.509541,Eva,North,Gadget,9,227.52
2026-01-29 00:19:02.509541,David,West,Thingama,44,95.01
2026-01-29 00:19:02.509541,Eva,East,Thingama,27,117.17
2026-01-30 00:19:02.509541,Alice,East,Thingama,33,192.36
2026-01-31 00:19:02.509541,Eva,South,Gadget,38,246.76
2026-01-31 00:19:02.509541,Eva,West,Gadget,35,179.09
2026-02-01 00:19:02.509541,Alice,South,Widget,9,91.22
2026-02-01 00:19:02.509541,Alice,East,Widget,47,272.61
2026-02-01 00:19:02.509541,Bob,North,Thingama,42,29.63
2026-02-01 00:19:02.509541,Eva,West,Doohickey,44,321.82
2026-02-01 00:19:02.509541,Eva,South,Doohickey,32,371.34
2026-02-02 00:19:02.509541,Bob,West,Gadget,43,441.68
2026-02-02 00:19:02.509541,Bob,North,Gadget,19,276.66
2026-02-03 00:19:02.509541,Alice,North,Gadget,3,89.07
2026-02-03 00:19:02.509541,David,North,Widget,42,220.24
2026-02-03 00:19:02.509541,Alice,North,Doohickey,6,44.35
2026-02-04 00:19:02.509541,Eva,West,Gadget,41,134.1
2026-02-04 00:19:02.509541,Bob,North,Widget,45,443.45
2026-02-04 00:19:02.509541,David,North,Widget,12,30.54
2026-02-04 00:19:02.509541,Bob,West,Doohickey,3,471.43
2026-02-04 00:19:02.509541,Charlie,North,Doohickey,29,14.1
2026-02-05 00:19:02.509541,Charlie,South,Doohickey,4,42.62
2026-02-05 00:19:02.509541,Charlie,West,Gadget,29,144.89
2026-02-05 00:19:02.509541,Alice,North,Thingama,31,498.62
2026-02-05 00:19:02.509541,Charlie,North,Gadget,26,360.86
2026-02-06 00:19:02.509541,Alice,South,Doohickey,10,176.8
2026-02-06 00:19:02.509541,Alice,West,Doohickey,44,414.6
2026-02-06 00:19:02.509541,Eva,South,Widget,33,305.2
2026-02-07 00:19:02.509541,Charlie,North,Thingama,11,192.54
2026-02-07 00:19:02.509541,Eva,East,Thingama,27,467.27
2026-02-07 00:19:02.509541,David,South,Doohickey,19,160.54
2026-02-07 00:19:02.509541,Charlie,North,Widget,32,47.63
2026-02-07 00:19:02.509541,Bob,West,Doohickey,12,351.6
2026-02-09 00:19:02.509541,Bob,South,Gadget,8,403.29
2026-02-09 00:19:02.509541,Charlie,North,Widget,19,221.34
2026-02-09 00:19:02.509541,Alice,South,Widget,15,146.4
2026-02-10 00:19:02.509541,Charlie,East,Thingama,38,351.25
2026-02-10 00:19:02.509541,Bob,South,Thingama,44,464.81
2026-02-10 00:19:02.509541,Eva,East,Thingama,25,424.11
2026-02-10 00:19:02.509541,Alice,East,Widget,17,316.41
2026-02-10 00:19:02.509541,Charlie,West,Gadget,39,309.8
2026-02-11 00:19:02.509541,Charlie,West,Doohickey,29,436.63
2026-02-11 00:19:02.509541,Alice,East,Doohickey,31,383.6
2026-02-13 00:19:02.509541,Bob,West,Widget,27,104.78
2026-02-13 00:19:02.509541,Bob,North,Widget,1,156.97
2026-02-14 00:19:02.509541,David,South,Thingama,47,349.12
2026-02-14 00:19:02.509541,Bob,East,Doohickey,1,367.1
2026-02-15 00:19:02.509541,Charlie,North,Doohickey,35,414.12
2026-02-15 00:19:02.509541,Alice,North,Gadget,24,470.14
2026-02-15 00:19:02.509541,Eva,South,Widget,36,151.83
2026-02-15 00:19:02.509541,Eva,North,Thingama,7,469.88
2026-02-16 00:19:02.509541,Bob,East,Doohickey,4,381.77
2026-02-17 00:19:02.509541,David,North,Widget,1,362.18
2026-02-19 00:19:02.509541,Bob,South,Thingama,41,169.39
2026-02-20 00:19:02.509541,David,South,Gadget,4,425.22
2026-02-21 00:19:02.509541,Eva,West,Gadget,21,282.53
2026-02-21 00:19:02.509541,David,East,Doohickey,3,360.21
2026-02-22 00:19:02.509541,David,North,Widget,35,151.09
2026-02-22 00:19:02.509541,David,East,Thingama,12,203.34
2026-02-22 00:19:02.509541,Eva,West,Doohickey,38,307.8
2026-02-23 00:19:02.509541,Eva,South,Thingama,28,456.2
2026-02-23 00:19:02.509541,David,West,Thingama,41,206.92
2026-02-24 00:19:02.509541,Bob,South,Doohickey,25,473.91
2026-02-24 00:19:02.509541,Eva,West,Gadget,2,310.27
2026-02-24 00:19:02.509541,Eva,West,Thingama,44,127.86
2026-02-24 00:19:02.509541,Charlie,North,Thingama,28,155.22
2026-02-25 00:19:02.509541,Alice,West,Doohickey,13,350.04
2026-02-25 00:19:02.509541,Eva,East,Widget,2,499.46
2026-02-25 00:19:02.509541,Charlie,North,Doohickey,25,321.61
2026-02-25 00:19:02.509541,Eva,West,Doohickey,10,177.53
2026-02-25 00:19:02.509541,Alice,North,Thingama,45,73.74
2026-02-26 00:19:02.509541,Alice,North,Gadget,45,177.9
2026-02-26 00:19:02.509541,Eva,South,Thingama,27,310.85
2026-02-27 00:19:02.509541,David,North,Thingama,40,143.28
2026-02-27 00:19:02.509541,Eva,East,Doohickey,14,98.78
2026-02-27 00:19:02.509541,Charlie,East,Doohickey,28,51.7
2026-02-28 00:19:02.509541,Eva,East,Widget,29,64.11
2026-02-28 00:19:02.509541,David,North,Gadget,6,393.16
2026-03-01 00:19:02.509541,Charlie,North,Widget,8,88.51
2026-03-01 00:19:02.509541,Eva,South,Widget,41,440.8
2026-03-01 00:19:02.509541,Bob,West,Gadget,46,215.12
2026-03-02 00:19:02.509541,Alice,South,Doohickey,4,328.17
2026-03-03 00:19:02.509541,David,North,Thingama,3,420.58
2026-03-03 00:19:02.509541,David,South,Doohickey,21,380.8
2026-03-04 00:19:02.509541,David,North,Widget,26,238.02
2026-03-04 00:19:02.509541,Charlie,West,Thingama,41,37.92
2026-03-04 00:19:02.509541,Alice,West,Doohickey,17,123.38
2026-03-05 00:19:02.509541,Charlie,West,Thingama,7,42.94
2026-03-05 00:19:02.509541,Bob,West,Widget,15,334.27
2026-03-05 00:19:02.509541,David,South,Doohickey,27,496.37
2026-03-06 00:19:02.509541,David,West,Gadget,16,179.44
2026-03-06 00:19:02.509541,Alice,South,Doohickey,23,113.29
2026-03-07 00:19:02.509541,David,West,Gadget,45,157.51
2026-03-07 00:19:02.509541,Eva,West,Doohickey,26,113.15
2026-03-07 00:19:02.509541,Alice,North,Doohickey,37,365.05
2026-03-08 00:19:02.509541,Eva,North,Thingama,28,78.76
2026-03-08 00:19:02.509541,David,South,Thingama,49,415.38
2026-03-08 00:19:02.509541,David,West,Thingama,6,120.87
2026-03-09 00:19:02.509541,Charlie,West,Gadget,11,198.46
2026-03-09 00:19:02.509541,Eva,East,Gadget,16,183.36
2026-03-09 00:19:02.509541,Eva,East,Thingama,15,44.81
2026-03-10 00:19:02.509541,Bob,West,Widget,31,61.18
2026-03-10 00:19:02.509541,David,North,Doohickey,4,288.31
2026-03-10 00:19:02.509541,Bob,West,Widget,6,465.9
2026-03-10 00:19:02.509541,Alice,South,Thingama,43,86.54
2026-03-11 00:19:02.509541,Bob,North,Gadget,4,177.25
2026-03-11 00:19:02.509541,Charlie,South,Thingama,6,251.36
2026-03-11 00:19:02.509541,Eva,East,Thingama,27,446.3
2026-03-11 00:19:02.509541,Alice,West,Gadget,24,42.57
2026-03-12 00:19:02.509541,Alice,South,Widget,38,343.05
2026-03-12 00:19:02.509541,Eva,North,Gadget,27,421.65
2026-03-13 00:19:02.509541,Alice,South,Doohickey,10,300.8
2026-03-13 00:19:02.509541,Bob,North,Thingama,32,145.2
2026-03-13 00:19:02.509541,Charlie,West,Gadget,32,408.92
2026-03-14 00:19:02.509541,David,South,Gadget,26,59.48
2026-03-14 00:19:02.509541,David,East,Doohickey,28,220.68
2026-03-15 00:19:02.509541,Bob,South,Doohickey,39,335.27
2026-03-15 00:19:02.509541,Bob,North,Widget,11,225.47
2026-03-16 00:19:02.509541,Eva,East,Gadget,22,387.03
2026-03-16 00:19:02.509541,Bob,East,Widget,12,217.43
2026-03-16 00:19:02.509541,Alice,West,Widget,36,432.87
2026-03-17 00:19:02.509541,Charlie,North,Doohickey,18,451.13
2026-03-17 00:19:02.509541,Alice,West,Thingama,21,333.16
2026-03-18 00:19:02.509541,David,West,Doohickey,4,138.99
2026-03-18 00:19:02.509541,Charlie,North,Gadget,11,169.01
2026-03-18 00:19:02.509541,Charlie,East,Gadget,34,55.95
2026-03-19 00:19:02.509541,Charlie,East,Gadget,13,50.54
2026-03-19 00:19:02.509541,Bob,North,Widget,28,230.53
2026-03-19 00:19:02.509541,Eva,South,Thingama,19,391.23
2026-03-19 00:19:02.509541,Eva,North,Widget,11,267.48
2026-03-20 00:19:02.509541,Charlie,West,Gadget,4,370.11
2026-03-20 00:19:02.509541,Eva,South,Widget,8,201.61
2026-03-20 00:19:02.509541,Charlie,East,Doohickey,24,439.9
2026-03-21 00:19:02.509541,David,West,Widget,16,270.93
2026-03-22 00:19:02.509541,Charlie,South,Doohickey,3,132.48
2026-03-23 00:19:02.509541,Alice,North,Widget,14,21.62
2026-03-23 00:19:02.509541,Charlie,West,Thingama,21,187.65
2026-03-23 00:19:02.509541,Charlie,East,Thingama,44,93.65
2026-03-24 00:19:02.509541,Alice,East,Doohickey,41,43.67
2026-03-24 00:19:02.509541,Bob,South,Doohickey,17,395.82
2026-03-24 00:19:02.509541,Bob,East,Doohickey,15,369.73
2026-03-24 00:19:02.509541,Eva,North,Widget,7,334.34
2026-03-28 00:19:02.509541,Charlie,East,Doohickey,12,381.07
2026-03-28 00:19:02.509541,Eva,South,Widget,48,177.07
2026-03-28 00:19:02.509541,Alice,North,Thingama,32,292.67
2026-03-28 00:19:02.509541,Bob,West,Gadget,18,277.76
2026-03-29 00:19:02.509541,Alice,East,Thingama,8,152.82
2026-03-29 00:19:02.509541,Bob,South,Thingama,7,160.15
2026-03-30 00:19:02.509541,Eva,North,Gadget,43,202.04
2026-03-30 00:19:02.509541,Eva,North,Widget,24,280.07
2026-03-31 00:19:02.509541,Bob,West,Doohickey,48,29.1
2026-03-31 00:19:02.509541,Charlie,South,Doohickey,16,119.11
2026-03-31 00:19:02.509541,Charlie,West,Thingama,40,50.94
2026-03-31 00:19:02.509541,Eva,East,Doohickey,1,294.67
2026-04-01 00:19:02.509541,Eva,East,Gadget,48,103.4
2026-04-01 00:19:02.509541,Eva,North,Thingama,10,162.82
2026-04-02 00:19:02.509541,Charlie,East,Gadget,34,181.76
2026-04-02 00:19:02.509541,Eva,South,Gadget,47,239.35
2026-04-02 00:19:02.509541,Alice,East,Widget,30,170.1
2026-04-02 00:19:02.509541,Bob,East,Thingama,3,383.53
2026-04-02 00:19:02.509541,Bob,North,Widget,33,487.6
2026-04-03 00:19:02.509541,Charlie,East,Thingama,6,332.5
2026-04-03 00:19:02.509541,Charlie,North,Doohickey,12,190.02
2026-04-03 00:19:02.509541,Eva,North,Thingama,4,140.3
2026-04-04 00:19:02.509541,Eva,South,Thingama,10,81.99
2026-04-04 00:19:02.509541,Charlie,North,Doohickey,28,169.86
2026-04-04 00:19:02.509541,Alice,East,Gadget,17,86.84
2026-04-04 00:19:02.509541,Alice,North,Thingama,33,498.65
2026-04-04 00:19:02.509541,Bob,West,Doohickey,46,417.17
2026-04-04 00:19:02.509541,Charlie,South,Doohickey,45,425.57
2026-04-05 00:19:02.509541,Eva,South,Doohickey,17,163.78
2026-04-06 00:19:02.509541,Charlie,South,Gadget,45,41.36
2026-04-06 00:19:02.509541,Charlie,East,Widget,14,117.58
2026-04-07 00:19:02.509541,Alice,West,Thingama,33,464.28
2026-04-07 00:19:02.509541,David,North,Widget,35,38.29
2026-04-08 00:19:02.509541,Eva,South,Gadget,37,132.01
2026-04-08 00:19:02.509541,Charlie,East,Doohickey,24,457.76
2026-04-08 00:19:02.509541,Charlie,West,Gadget,21,105.63
2026-04-08 00:19:02.509541,Eva,West,Thingama,20,378.71
2026-04-08 00:19:02.509541,Charlie,East,Doohickey,24,332.74
2026-04-08 00:19:02.509541,Eva,West,Thingama,17,190.49
2026-04-08 00:19:02.509541,Alice,North,Gadget,21,272.47
2026-04-09 00:19:02.509541,Bob,West,Thingama,16,214.42
2026-04-10 00:19:02.509541,Eva,South,Doohickey,37,68.17
2026-04-10 00:19:02.509541,Alice,West,Doohickey,33,458.38
2026-04-10 00:19:02.509541,David,West,Doohickey,10,422.05
2026-04-10 00:19:02.509541,Eva,South,Widget,49,237.48
2026-04-11 00:19:02.509541,Eva,West,Widget,36,43.54
2026-04-11 00:19:02.509541,Eva,West,Widget,19,382.82
2026-04-11 00:19:02.509541,Alice,North,Thingama,17,334.22
2026-04-11 00:19:02.509541,Bob,East,Thingama,30,249.36
2026-04-11 00:19:02.509541,Charlie,West,Thingama,28,433.57
2026-04-12 00:19:02.509541,Bob,East,Widget,47,32.05
2026-04-12 00:19:02.509541,Eva,South,Gadget,24,186.93
2026-04-12 00:19:02.509541,Bob,West,Doohickey,24,235.2
2026-04-12 00:19:02.509541,Alice,South,Thingama,29,244.48
2026-04-13 00:19:02.509541,Alice,West,Doohickey,37,97.83
2026-04-13 00:19:02.509541,Alice,South,Gadget,15,479.48
2026-04-14 00:19:02.509541,Charlie,South,Widget,39,137.19
2026-04-14 00:19:02.509541,Bob,South,Widget,20,357.63
2026-04-14 00:19:02.509541,David,South,Doohickey,22,247.7
2026-04-16 00:19:02.509541,Alice,South,Widget,20,484.2
2026-04-17 00:19:02.509541,Bob,West,Gadget,20,448.89
2026-04-17 00:19:02.509541,Eva,West,Thingama,31,412.97
2026-04-17 00:19:02.509541,Bob,South,Widget,49,481.13
2026-04-17 00:19:02.509541,Charlie,North,Thingama,34,469.6
2026-04-19 00:19:02.509541,Eva,East,Gadget,17,68.14
2026-04-19 00:19:02.509541,David,North,Widget,23,339.65
2026-04-19 00:19:02.509541,Alice,East,Doohickey,10,202.13
2026-04-20 00:19:02.509541,Eva,East,Widget,32,444.23
2026-04-20 00:19:02.509541,David,South,Thingama,49,112.44
2026-04-21 00:19:02.509541,Alice,East,Doohickey,38,404.2
2026-04-21 00:19:02.509541,Charlie,South,Gadget,17,347.43
2026-04-22 00:19:02.509541,David,East,Thingama,18,131.71
2026-04-22 00:19:02.509541,Charlie,West,Doohickey,49,281.15
2026-04-22 00:19:02.509541,Alice,East,Doohickey,47,444.19
2026-04-22 00:19:02.509541,Alice,North,Widget,18,336.76
2026-04-22 00:19:02.509541,David,South,Widget,14,204.87
2026-04-22 00:19:02.509541,David,West,Widget,39,448.88
2026-04-23 00:19:02.509541,Eva,West,Widget,39,337.26
2026-04-23 00:19:02.509541,Bob,West,Thingama,41,292.66
2026-04-25 00:19:02.509541,David,East,Gadget,48,333.12
2026-04-26 00:19:02.509541,Alice,North,Gadget,46,100.97
2026-04-26 00:19:02.509541,Bob,South,Thingama,27,67.13
2026-04-27 00:19:02.509541,David,North,Thingama,46,177.63
2026-04-27 00:19:02.509541,Bob,West,Doohickey,48,349.25
2026-04-27 00:19:02.509541,Bob,South,Thingama,10,340.65
2026-04-27 00:19:02.509541,Eva,East,Widget,38,50.31
2026-04-27 00:19:02.509541,Eva,East,Thingama,1,207.57
2026-04-27 00:19:02.509541,Alice,South,Widget,22,186.63
2026-04-28 00:19:02.509541,Bob,West,Widget,40,297.6
2026-04-28 00:19:02.509541,Bob,West,Widget,33,368.43
